alpha, tau, L
661.31160548,0.23306323,0.03397887
