alpha, tau, L
995.63416407,0.22488163,0.02781013
