alpha, tau, L
680.78682846,0.18992554,0.03656536
