alpha, tau, L
1132.42559872,0.24686760,0.06359630
