alpha, tau, L
75.84205842,0.05920063,0.02893227
