alpha, tau, L
691.04099841,0.16719649,0.03539806
