alpha, tau, L
873.05841330,0.11694921,0.10000000
