alpha, tau, L
94.95183031,0.11588053,0.02680163
